{"cameraMode":{"drawMode":0,"name":"Shaded","section":"Shading Mode"},"sceneLighting":true,"audioPlay":false,"sceneViewState":{"showFog":true,"showMaterialUpdate":false,"showSkybox":true,"showFlares":true,"showImageEffects":true,"showParticleSystems":true},"in2DMode":false,"pivot":{"x":-19.454988479614259,"y":-3.471870183944702,"z":-4.240824222564697},"rotation":{"x":-0.07124828547239304,"y":0.7779260277748108,"z":-0.08970692753791809,"w":-0.6178343892097473},"size":24.75617027282715,"orthographic":false}