{"cameraMode":{"drawMode":0,"name":"Shaded","section":"Shading Mode"},"sceneLighting":false,"audioPlay":false,"sceneViewState":{"showFog":true,"showMaterialUpdate":false,"showSkybox":false,"showFlares":true,"showImageEffects":true,"showParticleSystems":true},"in2DMode":false,"pivot":{"x":-11.350000381469727,"y":5.800000190734863,"z":0.039999961853027347},"rotation":{"x":-0.005220969207584858,"y":-0.9785532355308533,"z":0.2044825702905655,"w":-0.02494782768189907},"size":7.048803329467773,"orthographic":false}