{"cameraMode":{"drawMode":0,"name":"Shaded","section":"Shading Mode"},"sceneLighting":true,"audioPlay":false,"sceneViewState":{"showFog":true,"showMaterialUpdate":false,"showSkybox":true,"showFlares":true,"showImageEffects":true,"showParticleSystems":true},"in2DMode":false,"pivot":{"x":-0.2346588373184204,"y":23.735443115234376,"z":-11.071669578552246},"rotation":{"x":0.6089720726013184,"y":0.1803002655506134,"z":-0.14473426342010499,"w":0.7587805986404419},"size":15.906692504882813,"orthographic":false}