{"cameraMode":{"drawMode":0,"name":"Shaded","section":"Shading Mode"},"sceneLighting":false,"audioPlay":false,"sceneViewState":{"showFog":true,"showMaterialUpdate":false,"showSkybox":false,"showFlares":true,"showImageEffects":true,"showParticleSystems":true},"in2DMode":false,"pivot":{"x":-2.9017910957336427,"y":1.410718321800232,"z":-0.40801605582237246},"rotation":{"x":-0.05845702812075615,"y":0.019161228090524675,"z":-0.001121152308769524,"w":-0.9981161952018738},"size":7.021886825561523,"orthographic":false}