{"cameraMode":{"drawMode":0,"name":"Shaded","section":"Shading Mode"},"sceneLighting":false,"audioPlay":false,"sceneViewState":{"showFog":true,"showMaterialUpdate":false,"showSkybox":false,"showFlares":true,"showImageEffects":true,"showParticleSystems":true},"in2DMode":false,"pivot":{"x":3.078968048095703,"y":-13.736172676086426,"z":-24.2504940032959},"rotation":{"x":-0.0126183507964015,"y":-0.9637340903282166,"z":0.26257553696632388,"w":-0.04628371447324753},"size":34.308895111083987,"orthographic":false}