{"cameraMode":{"drawMode":0,"name":"Shaded","section":"Shading Mode"},"sceneLighting":false,"audioPlay":false,"sceneViewState":{"showFog":true,"showMaterialUpdate":false,"showSkybox":false,"showFlares":true,"showImageEffects":true,"showParticleSystems":true},"in2DMode":false,"pivot":{"x":-3.789590835571289,"y":1.6673998832702637,"z":-1.5875608921051026},"rotation":{"x":-0.3548571765422821,"y":0.033362701535224918,"z":-0.012670730240643025,"w":-0.9342479705810547},"size":7.021886825561523,"orthographic":false}